,code,target_date,min_distance,min_s_distance,min_l_p_distance,min_l_p_v_distance,min_distance_name,matching_period
300,301209,20260119,64.31256283409371,169.6175377190298,23.419734842755123,16.0034526638956,瑞达期货-20251020-20251107,['20251226']-['20260119']
229,688081,20260119,64.98954094281862,172.37663558991952,21.061042233947767,17.395593989146093,瑞达期货-20251020-20251107,['20251226']-['20260119']
40,600895,20260119,65.83792796011612,183.52142607710405,11.244437066268102,18.520422542761178,瑞达期货-20251020-20251107,['20251226']-['20260119']
232,300572,20260119,66.28695967894481,189.85421771773082,10.887350314441177,15.161223173233049,瑞达期货-20251020-20251107,['20251226']-['20260119']
377,000948,20260119,66.4089732411501,183.94062368391482,19.374280652837726,13.536254850310819,瑞达期货-20251020-20251107,['20251226']-['20260119']
125,600028,20260119,66.4614061661907,164.01417059989583,35.18342166907432,16.75532121374914,瑞达期货-20251020-20251107,['20251226']-['20260119']
180,002072,20260119,67.90289898753343,186.8531510543103,20.200317833360867,14.467145803080216,瑞达期货-20251020-20251107,['20251226']-['20260119']
141,601519,20260119,69.58204216367102,193.91546448966614,18.66932959955857,14.516509842259039,航天发展-20251017-20251112,['20251222']-['20260119']
72,603236,20260119,70.64733560326029,195.08157555409096,16.747309404696832,17.746675289059908,瑞达期货-20251020-20251107,['20251226']-['20260119']
276,603843,20260119,70.88958406351998,212.50178653108313,1.980048871332751,16.362583606988025,中信证券-20240708-20240730,['20251224']-['20260119']
48,300652,20260119,70.95038665272457,198.2337682883453,18.127505161620515,15.105011544337103,华纳药厂-20250409-20250512,['20251218']-['20260119']
58,002600,20260119,71.28056302927462,206.76158712149686,10.429314923216705,15.308231039651359,瑞达期货-20251020-20251107,['20251226']-['20260119']
308,301383,20260119,72.0195272144928,205.86755463439934,11.00370868290072,17.395370548256953,瑞达期货-20251020-20251107,['20251226']-['20260119']
293,603507,20260119,72.39488982802247,214.51914607621015,5.641263556897787,15.86691734522522,航天发展-20251017-20251112,['20251222']-['20260119']
57,688010,20260119,72.67284907392376,196.04482532676874,23.99009447631495,16.65593283249663,瑞达期货-20251020-20251107,['20251226']-['20260119']
240,600568,20260119,72.71128411773661,224.28565752742972,3.1705111427006503,11.186083791743773,中信证券-20240708-20240730,['20251224']-['20260119']
181,301070,20260119,72.74524541306226,209.0919549666672,11.157376123536661,16.676115215002795,瑞达期货-20251020-20251107,['20251226']-['20260119']
234,688297,20260119,73.01385152518822,191.41157027020796,25.740332909521374,19.670701428173533,瑞达期货-20251020-20251107,['20251226']-['20260119']
162,002501,20260119,73.20474644306661,213.9098623487862,12.922534110686126,12.887568763062282,瑞达期货-20251020-20251107,['20251226']-['20260119']
195,002678,20260119,73.30298369144472,221.4715846152073,7.125714909472109,11.809484585102272,华纳药厂-20250409-20250512,['20251218']-['20260119']
282,600184,20260119,73.30471923624536,181.60475722018302,42.877032551151515,14.900455762112509,瑞达期货-20251020-20251107,['20251226']-['20260119']
1,002389,20260119,73.65796954000696,197.866231107385,24.663487021256156,17.247635253536536,瑞达期货-20251020-20251107,['20251226']-['20260119']
243,002093,20260119,73.96884317155892,233.19485337524753,2.608095512584022,8.06989626302359,中信证券-20240708-20240730,['20251224']-['20260119']
217,601698,20260119,74.08033927109916,222.9974851512996,6.227048400583828,13.282448013835333,微芯生物-20250527-20250620,['20251223']-['20260119']
177,300965,20260119,74.18819256695801,192.28470049942757,30.20504689119511,18.603170874428,瑞达期货-20251020-20251107,['20251226']-['20260119']
208,002651,20260119,74.30329721289421,224.3982118840105,4.406684018401973,14.15457110542614,中信证券-20240708-20240730,['20251224']-['20260119']
200,601512,20260119,74.33120889861478,226.35189093365176,5.280126945994134,12.10400883680253,华纳药厂-20250409-20250512,['20251218']-['20260119']
356,600682,20260119,74.37983477147736,188.46365085414845,36.62445052093519,17.133510897380678,瑞达期货-20251020-20251107,['20251226']-['20260119']
271,600999,20260119,74.56484096808019,216.8904349939794,8.005499782741886,17.7401513376595,瑞达期货-20251020-20251107,['20251226']-['20260119']
256,300198,20260119,74.7810340719286,203.60990671456838,23.929129258752518,16.298308199830828,瑞达期货-20251020-20251107,['20251226']-['20260119']
101,003037,20260119,74.78324621140408,225.99358985142106,8.873959097315636,10.807453816957697,华纳药厂-20250409-20250512,['20251218']-['20260119']
56,300722,20260119,74.79598129326428,212.3548423532241,16.742909245999243,15.166639533743197,瑞达期货-20251020-20251107,['20251226']-['20260119']
260,603712,20260119,75.03909861005577,228.41211116954716,3.760908428202918,13.46798182682689,中信证券-20240708-20240730,['20251224']-['20260119']
230,002875,20260119,75.20937340920321,218.33940017913656,11.575453729856402,15.587293091263275,瑞达期货-20251020-20251107,['20251226']-['20260119']
66,301367,20260119,75.5267913636243,229.25093503635244,5.478732946872425,12.769727421642113,航天发展-20251017-20251112,['20251222']-['20260119']
355,605507,20260119,75.8897445893425,232.44146926234887,9.612907100623493,8.183579201127014,中信证券-20240708-20240730,['20251224']-['20260119']
288,001229,20260119,75.94196270960249,213.0511789238545,25.825775962398588,10.697190609316412,华纳药厂-20250409-20250512,['20251218']-['20260119']
306,301234,20260119,76.13639352137498,191.24869667449218,35.69726200099196,20.13151479682435,瑞达期货-20251020-20251107,['20251226']-['20260119']
53,301160,20260119,76.1554182042927,214.3095036024264,15.976500641999717,17.67404232741216,瑞达期货-20251020-20251107,['20251226']-['20260119']
278,605598,20260119,76.48599193480665,205.0083969579185,17.13417845078782,24.6080482804869,微芯生物-20250527-20250620,['20251223']-['20260119']
14,002571,20260119,76.65534339636007,182.70077956827447,53.845065809717724,14.228974457406014,瑞达期货-20251020-20251107,['20251226']-['20260119']
130,601108,20260119,77.62998027920031,196.774984973153,40.33599410177603,16.241716391804033,瑞达期货-20251020-20251107,['20251226']-['20260119']
172,688272,20260119,77.72328030320041,222.5528186958844,17.687924965938866,14.127643011633602,航天发展-20251017-20251112,['20251222']-['20260119']
348,600523,20260119,77.82715850234986,205.57656322546782,31.75367668486814,16.570216323122683,瑞达期货-20251020-20251107,['20251226']-['20260119']
364,603822,20260119,78.58774055409576,224.428969143084,7.893602231684767,22.227422854162796,瑞达期货-20251020-20251107,['20251226']-['20260119']
262,601688,20260119,79.3418822715053,229.46737983746618,15.04926606150042,14.96722125453833,瑞达期货-20251020-20251107,['20251226']-['20260119']
345,603228,20260119,79.41855865392523,208.12254963022076,29.134075132828766,20.60392806252594,瑞达期货-20251020-20251107,['20251226']-['20260119']
107,603668,20260119,80.18283629335532,181.43380742956873,64.29161090793764,16.163026980258554,瑞达期货-20251020-20251107,['20251226']-['20260119']
44,300493,20260119,80.21501981632888,225.3208127021464,20.224428929688465,16.378618316946042,瑞达期货-20251020-20251107,['20251226']-['20260119']
212,002492,20260119,80.32176455537757,252.94175975138472,2.3472703929653282,9.337638780181388,中信证券-20240708-20240730,['20251224']-['20260119']
106,300627,20260119,80.62595166316686,221.40815312298201,22.06050447037698,18.963385962897924,瑞达期货-20251020-20251107,['20251226']-['20260119']
264,301319,20260119,80.63948870403703,180.16626496038293,63.55473736452071,18.80797001641485,瑞达期货-20251020-20251107,['20251226']-['20260119']
27,600936,20260119,81.63795331539384,210.1398237290057,37.00890630127016,18.733335765777696,瑞达期货-20251020-20251107,['20251226']-['20260119']
62,300455,20260119,81.75323960767663,217.75448770734667,12.18701320666651,31.926973333681733,瑞达期货-20251020-20251107,['20251226']-['20260119']
396,002179,20260119,81.88053104197918,233.84643907443268,17.226145974773807,16.39688881804311,瑞达期货-20251020-20251107,['20251226']-['20260119']
22,600061,20260119,82.16552400478605,245.4029519926312,11.733061258431581,12.561800073668035,航天发展-20251017-20251112,['20251222']-['20260119']
148,300590,20260119,82.2046799928339,234.69354129307317,21.754229402744578,13.175871960221462,瑞达期货-20251020-20251107,['20251226']-['20260119']
228,601666,20260119,82.24130787697781,253.46508171406205,9.559881719734616,8.33454711709704,中信证券-20240708-20240730,['20251224']-['20260119']
121,603279,20260119,82.70140947991551,259.784700313998,5.721437556354767,7.623920297024254,华纳药厂-20250409-20250512,['20251218']-['20260119']
215,603919,20260119,82.93444328544673,263.08607150992043,2.0622774713372576,8.474846477673601,中信证券-20240708-20240730,['20251224']-['20260119']
196,601089,20260119,82.96372654384365,216.42162266600525,38.79420273544994,15.997447308517751,瑞达期货-20251020-20251107,['20251226']-['20260119']
50,300901,20260119,82.97554946181245,244.78779221327386,11.055385165838057,15.556490620197161,瑞达期货-20251020-20251107,['20251226']-['20260119']
138,688658,20260119,83.18035655656585,238.58881771389943,8.435299759966533,22.682803286015158,航天发展-20251017-20251112,['20251222']-['20260119']
113,688316,20260119,83.4588160964344,245.70853217735032,12.516593934451926,14.978195657234316,华纳药厂-20250409-20250512,['20251218']-['20260119']
379,605289,20260119,83.48671094504387,242.48203473463667,11.786268704021232,18.015549783616255,中信证券-20240708-20240730,['20251224']-['20260119']
370,601628,20260119,83.65256816040359,254.02238711641968,6.405557630503305,13.81046184081677,瑞达期货-20251020-20251107,['20251226']-['20260119']
42,688439,20260119,83.67798143879789,247.30611644473692,11.806435557476757,14.860539595334458,华纳药厂-20250409-20250512,['20251218']-['20260119']
110,002261,20260119,83.78919732989172,251.30562814879278,8.61498148451825,14.53253609974602,华纳药厂-20250409-20250512,['20251218']-['20260119']
161,600165,20260119,84.02071831179857,238.3541038864915,15.182133752590708,19.89961755018481,瑞达期货-20251020-20251107,['20251225']-['20260119']
75,688007,20260119,84.20415331006676,242.62487146512422,9.16942639789762,21.66465987790052,华纳药厂-20250409-20250512,['20251218']-['20260119']
291,002898,20260119,84.28487367829452,259.20003925297107,1.7303799732262282,15.014369776088337,中信证券-20240708-20240730,['20251224']-['20260119']
341,000973,20260119,84.3032416153709,248.15682951228277,12.029380798056224,15.618446305672972,华纳药厂-20250409-20250512,['20251218']-['20260119']
268,300213,20260119,84.64037477894702,229.86686021881292,31.08027111965966,15.890588443513115,瑞达期货-20251020-20251107,['20251226']-['20260119']
198,002268,20260119,84.76328290873938,254.772550032393,14.241277528643243,10.147836601071258,微芯生物-20250527-20250620,['20251223']-['20260119']
86,002212,20260119,84.77080403948705,263.5575974736313,5.121913696106371,10.417376721414383,中信证券-20240708-20240730,['20251224']-['20260119']
142,600363,20260119,84.8461697465336,237.93004915536272,28.808756600252764,12.061320049622372,航天发展-20251017-20251112,['20251222']-['20260119']
390,002025,20260119,84.89146786601172,249.50129694238353,9.014030048261853,18.34217442204531,瑞达期货-20251020-20251107,['20251226']-['20260119']
257,600186,20260119,85.27404813629033,195.56647354664165,66.7501268024687,16.447670078893054,瑞达期货-20251020-20251107,['20251226']-['20260119']
206,300834,20260119,85.59624347402611,270.641246740243,3.118475681664461,8.670816868634674,中信证券-20240708-20240730,['20251224']-['20260119']
97,600064,20260119,85.9778953451596,251.66281895216062,15.29945884838561,14.723030012489362,瑞达期货-20251020-20251107,['20251226']-['20260119']
369,002634,20260119,86.08940339251191,226.13182883217877,43.40173550133451,13.073335231144824,中铝国际-20250923-20251020,['20251229']-['20260119']
269,301119,20260119,86.10305727241081,224.06155059098367,37.66153229154317,18.96533101913188,瑞达期货-20251020-20251107,['20251226']-['20260119']
28,603230,20260119,86.14779280755118,262.53385341193245,13.157387281139872,8.601051499073677,中铝国际-20250923-20251020,['20251229']-['20260119']
265,688251,20260119,86.14801142087633,243.5234378235829,23.919176843765843,14.788067551679278,瑞达期货-20251020-20251107,['20251226']-['20260119']
49,300134,20260119,86.2850355015529,243.38881967963948,22.51796638240036,16.28249920735237,瑞达期货-20251020-20251107,['20251226']-['20260119']
114,688302,20260119,86.69904608876061,246.1888085479024,24.207688708232915,13.950242279800039,瑞达期货-20251020-20251107,['20251226']-['20260119']
222,300177,20260119,86.74742671448405,240.97514626767835,26.216203819740024,16.47505422064636,瑞达期货-20251020-20251107,['20251226']-['20260119']
339,002631,20260119,86.78602748707111,263.5052954480917,12.38649821188237,10.046223472697214,华纳药厂-20250409-20250512,['20251218']-['20260119']
61,688400,20260119,86.8673963297309,219.11832388395388,44.70676312228331,19.29967556964937,瑞达期货-20251020-20251107,['20251226']-['20260119']
277,000678,20260119,86.89609569339655,232.8952617059664,29.063384428430687,20.77125463269353,瑞达期货-20251020-20251107,['20251226']-['20260119']
88,301589,20260119,87.09391706243025,271.07337256754795,4.702566540816514,10.902838324802268,航天发展-20251017-20251112,['20251222']-['20260119']
352,002027,20260119,87.42732035611502,230.26638830038087,42.44669561170791,14.033487956220958,瑞达期货-20251020-20251107,['20251226']-['20260119']
3,600909,20260119,87.99441451156821,268.8071751709303,11.81696422874541,9.517931729163745,航天发展-20251017-20251112,['20251222']-['20260119']
354,605088,20260119,88.04147271009325,192.12524034728528,77.53022304206024,17.862084233224,瑞达期货-20251020-20251107,['20251226']-['20260119']
2,301189,20260119,88.06214215045162,261.6005753321276,8.983455763525898,17.217332054388912,华纳药厂-20250409-20250512,['20251218']-['20260119']
279,002709,20260119,88.49067027828781,257.73580217136464,6.315601191386852,23.188123173655924,华纳药厂-20250409-20250512,['20251218']-['20260119']
207,603660,20260119,88.776972725901,236.80492913446574,42.85675783892072,12.196166584712717,航天发展-20251017-20251112,['20251222']-['20260119']
361,688385,20260119,88.8899828409538,251.64432900724003,17.984496651782447,20.003337858117643,瑞达期货-20251020-20251107,['20251226']-['20260119']
375,600736,20260119,88.95007236887356,273.4036107566362,12.180156002436213,8.187355852879563,华纳药厂-20250409-20250512,['20251218']-['20260119']
205,688486,20260119,89.09292219002062,255.4598941930293,19.682065939202804,16.37583537587746,瑞达期货-20251020-20251107,['20251226']-['20260119']
169,300542,20260119,89.11108956680503,252.04196582153853,23.556712261946107,16.07871535439913,瑞达期货-20251020-20251107,['20251226']-['20260119']
15,605086,20260119,89.18002876177695,266.4992718312611,8.708860951665946,16.54397231724711,微芯生物-20250527-20250620,['20251223']-['20260119']
201,600157,20260119,89.24554979788,245.4635509126574,32.569482901324925,14.589099134213281,瑞达期货-20251020-20251107,['20251226']-['20260119']
108,002739,20260119,90.34618125974272,201.87653485243945,76.43057246769881,17.13512265925313,瑞达期货-20251020-20251107,['20251226']-['20260119']
65,600271,20260119,90.69760169825432,278.45139253841137,10.184800146143612,10.266859732219574,微芯生物-20250527-20250620,['20251223']-['20260119']
152,003009,20260119,90.73444367983078,270.4753623877931,8.844812631150331,17.345977935369337,微芯生物-20250527-20250620,['20251223']-['20260119']
393,603809,20260119,90.83730291664271,268.67639436005913,11.34710354009488,17.075633866491273,瑞达期货-20251020-20251107,['20251226']-['20260119']
89,603169,20260119,90.84926150611221,226.59153896669383,57.50344139679326,14.051918492665228,瑞达期货-20251020-20251107,['20251226']-['20260119']
176,688070,20260119,90.91788026247153,262.70648418329154,12.490575558866567,20.896905849560227,微芯生物-20250527-20250620,['20251223']-['20260119']
289,000686,20260119,91.09788108544869,252.5478189769337,30.803459621532458,15.231243764772085,瑞达期货-20251020-20251107,['20251226']-['20260119']
359,600640,20260119,91.40466017500746,257.13738980413746,33.62110272411695,10.44278104132786,中信证券-20240708-20240730,['20251224']-['20260119']
8,002955,20260119,91.51985825745379,222.60701230240318,60.853777687862696,16.20405315093509,瑞达期货-20251020-20251107,['20251226']-['20260119']
94,688562,20260119,91.5660467139467,259.65455648292846,16.47661489905175,21.81673824838159,瑞达期货-20251020-20251107,['20251226']-['20260119']
386,300489,20260119,91.7103597636459,283.7705514968268,6.840961766557186,11.31726446157678,微芯生物-20250527-20250620,['20251223']-['20260119']
323,002036,20260119,91.7374411810917,269.5246265440754,16.31762904038751,14.9619112643821,瑞达期货-20251020-20251107,['20251226']-['20260119']
302,600135,20260119,91.78321282446016,275.09326324298763,14.357473556480569,12.369979461549272,航天发展-20251017-20251112,['20251222']-['20260119']
99,300579,20260119,91.7865033118574,273.1015676125786,17.204376700911105,11.736800044526248,航天发展-20251017-20251112,['20251222']-['20260119']
304,002544,20260119,91.86744780122827,199.44314766516322,82.5155435962915,18.199601056979642,瑞达期货-20251020-20251107,['20251226']-['20260119']
331,688141,20260119,91.92260423935885,271.84349748313156,11.573511650621938,17.243753748082007,瑞达期货-20251020-20251107,['20251226']-['20260119']
178,002099,20260119,91.95807886390831,223.68614245403987,62.64154803912337,15.149429289898372,瑞达期货-20251020-20251107,['20251226']-['20260119']
126,300963,20260119,91.98437662429266,271.0937459208999,10.787159660158204,18.550262374938097,瑞达期货-20251020-20251107,['20251226']-['20260119']
163,301066,20260119,92.20274453568311,218.03521670937207,66.91775870120517,16.792129781274852,瑞达期货-20251020-20251107,['20251226']-['20260119']
285,300399,20260119,92.27861387604368,253.21812326842337,33.621882977464765,15.56653000569311,航天发展-20251017-20251112,['20251222']-['20260119']
337,688009,20260119,92.55143494797753,264.34870970691685,24.421245487049212,14.801120974469258,瑞达期货-20251020-20251107,['20251226']-['20260119']
246,002078,20260119,92.60011386224822,223.85082926867332,65.40605297322256,14.55762297419866,瑞达期货-20251020-20251107,['20251226']-['20260119']
112,600604,20260119,92.7860284869542,260.4292349337031,27.221314546580466,16.227159107172813,瑞达期货-20251020-20251107,['20251226']-['20260119']
41,603344,20260119,92.80616167729333,278.2753045236217,9.794540846310523,15.963020165784178,瑞达期货-20251020-20251107,['20251226']-['20260119']
182,600629,20260119,92.9074244512195,254.2320288341601,24.922972377119656,22.902310219588905,航天发展-20251017-20251112,['20251222']-['20260119']
67,300737,20260119,93.30039944451208,270.61868464245885,19.549723972200482,15.624692150285716,瑞达期货-20251020-20251107,['20251226']-['20260119']
312,000555,20260119,93.35802066060991,286.75131680661923,6.160158969257008,13.711444819617599,华纳药厂-20250409-20250512,['20251218']-['20260119']
90,300324,20260119,93.45410668324438,269.6558255006828,23.965807864679626,13.41904168408911,瑞达期货-20251020-20251107,['20251226']-['20260119']
319,300921,20260119,94.0340858126935,287.9804189882778,12.14426811738277,9.991699202488363,华纳药厂-20250409-20250512,['20251218']-['20260119']
284,600635,20260119,94.05668929697258,279.6118743067212,9.74148407404999,18.126704456853055,瑞达期货-20251020-20251107,['20251226']-['20260119']
24,688229,20260119,94.13413271827234,278.7590170890494,9.101893322799821,19.439648986793934,瑞达期货-20251020-20251107,['20251226']-['20260119']
303,600120,20260119,94.16445351298175,266.89610336792475,25.11137274735902,16.405526695991572,瑞达期货-20251020-20251107,['20251226']-['20260119']
54,300252,20260119,94.18931933883115,270.0107453434124,26.255870523792304,13.273336446674366,瑞达期货-20251020-20251107,['20251226']-['20260119']
360,601238,20260119,94.39542793435196,227.8602051607164,63.91450073440234,17.157540414540836,瑞达期货-20251020-20251107,['20251226']-['20260119']
63,605255,20260119,94.57177924553835,273.9453995370168,13.288374346671851,21.004117701079444,微芯生物-20250527-20250620,['20251212']-['20260119']
383,002583,20260119,94.72974295146285,287.4045259261659,15.681971225823254,9.509484514665314,中信证券-20240708-20240730,['20251224']-['20260119']
376,002805,20260119,94.74509794452281,284.98310954640414,10.301052703384032,15.399623173965889,华纳药厂-20250409-20250512,['20251218']-['20260119']
105,300155,20260119,94.80452507679406,270.6561360900456,17.940136946336455,20.564107914698663,瑞达期货-20251020-20251107,['20251226']-['20260119']
167,688099,20260119,94.90787279416118,267.4893996735926,22.897420301760466,19.479567003888146,瑞达期货-20251020-20251107,['20251226']-['20260119']
149,688513,20260119,95.27366343704192,222.90189417339826,68.23712307835021,19.829895653793436,瑞达期货-20251020-20251107,['20251226']-['20260119']
19,301201,20260119,95.36084400279108,253.54494871004258,33.69348122714528,22.973287554086816,瑞达期货-20251020-20251107,['20251226']-['20260119']
347,601198,20260119,95.49724190182367,284.2354793841124,13.01509963384265,15.805170491092861,瑞达期货-20251020-20251107,['20251226']-['20260119']
34,688767,20260119,95.55130650185603,261.4662916375015,39.088438741681806,13.462218470252633,瑞达期货-20251020-20251107,['20251226']-['20260119']
154,000538,20260119,95.5767188075718,261.0569319219651,38.41827802213149,14.335389560857063,瑞达期货-20251020-20251107,['20251226']-['20260119']
237,600756,20260119,95.64832358342774,297.2656825061119,4.895478250753859,12.499938390920015,华纳药厂-20250409-20250512,['20251218']-['20260119']
23,003041,20260119,95.75051942122758,281.30917717959767,12.551993092299114,18.98042084914634,华纳药厂-20250409-20250512,['20251218']-['20260119']
259,600390,20260119,95.7512461837263,284.6878427133894,12.518480114459257,16.473373338429266,瑞达期货-20251020-20251107,['20251226']-['20260119']
398,600284,20260119,95.80379531234665,241.92630031331313,56.4617169412325,15.718475339957411,瑞达期货-20251020-20251107,['20251226']-['20260119']
78,603197,20260119,95.83894723757128,229.13057488804202,71.95370850402323,13.784155549879264,瑞达期货-20251020-20251107,['20251226']-['20260119']
81,600850,20260119,96.12477594242114,293.85863176328274,7.4506466844641315,14.329981020242707,微芯生物-20250527-20250620,['20251223']-['20260119']
129,603737,20260119,96.27502472932213,270.44618983186734,22.048086447709135,21.316854613622986,瑞达期货-20251020-20251107,['20251226']-['20260119']
343,688223,20260119,97.01185698195967,274.78334808101187,25.049851486129857,17.65474277954291,瑞达期货-20251020-20251107,['20251226']-['20260119']
71,600926,20260119,97.22039742230436,268.1272845034336,34.525765215999044,16.061206266186424,瑞达期货-20251020-20251107,['20251226']-['20260119']
52,000952,20260119,97.27551615312159,291.1962183056386,14.054914495541828,14.250440781918655,中铝国际-20250923-20251020,['20251229']-['20260119']
21,000776,20260119,97.39165312941422,283.5734844079487,17.664964260430743,17.55029632225098,瑞达期货-20251020-20251107,['20251226']-['20260119']
353,300688,20260119,97.46155836453282,291.0633916883055,11.886129887621584,16.441754729386755,瑞达期货-20251020-20251107,['20251226']-['20260119']
328,601229,20260119,97.52355240042608,271.82217633867157,31.47101258165043,16.338989310823735,瑞达期货-20251020-20251107,['20251226']-['20260119']
253,603316,20260119,97.56158853580214,286.5835390869704,17.902082705388125,15.539754995236494,航天发展-20251017-20251112,['20251222']-['20260119']
224,002243,20260119,97.57535806440683,290.8242185601739,14.261837165479754,15.123853366776801,瑞达期货-20251020-20251107,['20251226']-['20260119']
85,605055,20260119,97.72647013973372,248.0451320619281,57.38251762953568,15.24543808073647,瑞达期货-20251020-20251107,['20251226']-['20260119']
213,600784,20260119,97.73460252590392,272.04382891357096,33.01016393108796,15.546011681265627,瑞达期货-20251020-20251107,['20251226']-['20260119']
381,002756,20260119,97.79850315744432,228.88588801128446,77.57856445561421,14.6479185434368,瑞达期货-20251020-20251107,['20251226']-['20260119']
221,603879,20260119,97.93655200910517,299.7667401228374,15.479034477892235,8.407049072215699,华纳药厂-20250409-20250512,['20251218']-['20260119']
349,601601,20260119,97.98276144369429,295.86140177312177,6.120996007173239,18.47010527401446,瑞达期货-20251020-20251107,['20251226']-['20260119']
74,688239,20260119,98.10335929268469,277.1787151492843,24.00013672592437,19.37425932530523,瑞达期货-20251020-20251107,['20251226']-['20260119']
139,688314,20260119,98.27639151846931,277.6861989407733,30.670188066350107,14.42368854083075,瑞达期货-20251020-20251107,['20251226']-['20260119']
202,301096,20260119,98.50404016194278,213.016698627163,90.94321332951101,18.29016643735144,瑞达期货-20251020-20251107,['20251226']-['20260119']
128,002100,20260119,98.53707174563448,256.3342442720689,52.01767911165339,15.078736826294522,瑞达期货-20251020-20251107,['20251226']-['20260119']
9,002799,20260119,98.63789533476418,307.9719259546505,12.895105417270516,5.944464807969699,中铝国际-20250923-20251020,['20251229']-['20260119']
283,002292,20260119,99.07334547519895,286.3947083153871,22.3910667657739,16.09403237712662,航天发展-20251017-20251112,['20251222']-['20260119']
122,300593,20260119,99.10207396703802,284.6983395308202,10.36037910343737,26.461145941901922,瑞达期货-20251020-20251107,['20251226']-['20260119']
254,688319,20260119,99.26355653143862,300.24469337709,7.833196363124141,17.100474023435936,航天发展-20251017-20251112,['20251222']-['20260119']
92,301370,20260119,99.45310722112706,244.63055689565368,65.60971017519907,15.952567749678131,瑞达期货-20251020-20251107,['20251226']-['20260119']
59,688158,20260119,99.56135046039009,270.5177498309941,40.52081469919947,15.624452753330068,瑞达期货-20251020-20251107,['20251226']-['20260119']
334,300101,20260119,99.71707733728753,275.12458276463576,33.58583646627553,17.759878920035383,瑞达期货-20251020-20251107,['20251226']-['20260119']
374,300516,20260119,100.02405051221501,283.2361395791011,11.039757087123295,29.353203780869215,瑞达期货-20251020-20251107,['20251226']-['20260119']
153,300225,20260119,100.13713743362648,289.7214851556291,22.39278234271805,16.25714296030584,瑞达期货-20251020-20251107,['20251226']-['20260119']
26,002388,20260119,100.14227367504472,306.48295574019795,12.696032280989488,10.97144317172123,华纳药厂-20250409-20250512,['20251217']-['20260119']
371,002813,20260119,100.15014940284517,250.1348324652044,62.64410437645996,15.791170875864683,瑞达期货-20251020-20251107,['20251226']-['20260119']
273,603260,20260119,100.2239844435212,309.90168046237056,6.474391427686034,13.27790719126057,航天发展-20251017-20251112,['20251222']-['20260119']
203,688323,20260119,100.52835009232008,289.09841417792,21.11821075044465,18.658406534526716,航天发展-20251017-20251112,['20251222']-['20260119']
103,688539,20260119,100.5520000623591,254.07944400050548,49.22860658382911,23.898962217646808,瑞达期货-20251020-20251107,['20251226']-['20260119']
346,000977,20260119,100.94001042426618,278.5055439551447,33.276018516428564,18.513854206985503,瑞达期货-20251020-20251107,['20251226']-['20260119']
193,002485,20260119,100.99139231521514,298.53959204396557,17.383115712286465,15.536449970848826,瑞达期货-20251020-20251107,['20251226']-['20260119']
77,600501,20260119,101.26553544896308,316.28125236805096,3.6663492461413765,13.203137411763471,微芯生物-20250527-20250620,['20251223']-['20260119']
258,600435,20260119,101.4437932781346,315.5385599593621,8.12586143854026,10.86116714690977,华纳药厂-20250409-20250512,['20251218']-['20260119']
133,002935,20260119,101.50359013623574,270.8476880613841,40.46878564075473,20.271620063985218,瑞达期货-20251020-20251107,['20251226']-['20260119']
368,002146,20260119,101.5501599865864,312.6039553854812,4.792098565214545,15.828359503444169,华纳药厂-20250409-20250512,['20251218']-['20260119']
311,002183,20260119,101.78161555390156,298.85877595913416,21.493251645705325,14.1900181811243,瑞达期货-20251020-20251107,['20251226']-['20260119']
134,300803,20260119,102.04510380323211,278.8683753454767,34.4514486502325,20.122891511298416,瑞达期货-20251020-20251107,['20251226']-['20260119']
244,603868,20260119,102.6655158276044,323.95483038474765,7.1219090750567124,8.356234974157704,微芯生物-20250527-20250620,['20251223']-['20260119']
251,688456,20260119,102.80002641800054,323.08373154795106,7.416277717691216,9.125059095769654,微芯生物-20250527-20250620,['20251223']-['20260119']
170,301110,20260119,102.92652041641377,316.9589752857869,4.434151309696515,16.271456094421865,华纳药厂-20250409-20250512,['20251218']-['20260119']
146,301301,20260119,102.97276276620931,301.7516825483242,20.427625180220314,15.797426119114931,瑞达期货-20251020-20251107,['20251226']-['20260119']
372,300299,20260119,103.05824919075079,278.35125524134304,36.644944108335146,21.398473464618334,瑞达期货-20251020-20251107,['20251226']-['20260119']
227,002083,20260119,103.20010931299694,277.7313294576845,37.2607571174856,21.756208351114775,瑞达期货-20251020-20251107,['20251226']-['20260119']
272,688509,20260119,103.31788036350203,280.1182722822333,41.06010208408807,17.410920134014034,瑞达期货-20251020-20251107,['20251226']-['20260119']
241,002905,20260119,103.61883823535508,315.3946421625528,10.28745199585617,14.785524969580951,中信证券-20240708-20240730,['20251224']-['20260119']
0,000561,20260119,103.74141017486897,323.1924365700998,5.404915868216117,12.905511108435503,华纳药厂-20250409-20250512,['20251218']-['20260119']
187,601696,20260119,103.74549957704832,285.13565372807824,32.811149982508894,20.903646159680445,瑞达期货-20251020-20251107,['20251226']-['20260119']
111,600611,20260119,103.7695666864533,331.1967094756032,4.475958682070123,7.669415597878283,中信证券-20240708-20240730,['20251224']-['20260119']
135,002712,20260119,103.78833142140464,316.6433122991865,17.454719872290795,8.897304424903608,华纳药厂-20250409-20250512,['20251218']-['20260119']
305,000623,20260119,104.24790877310936,296.978207580808,29.335922906948674,15.884174066955936,瑞达期货-20251020-20251107,['20251226']-['20260119']
287,301050,20260119,104.37952729500049,311.63767980631405,14.751707091749124,16.156778063953812,瑞达期货-20251020-20251107,['20251226']-['20260119']
321,688626,20260119,104.38694575970489,313.708859249161,16.703534545845933,13.158069053007031,微芯生物-20250527-20250620,['20251223']-['20260119']
160,688311,20260119,104.41174519642439,279.3864408447449,43.26067959940641,19.044022657947497,瑞达期货-20251020-20251107,['20251226']-['20260119']
98,002301,20260119,104.64464890820082,294.0328356921535,30.616517474028797,18.12460739586531,航天发展-20251017-20251112,['20251222']-['20260119']
344,002396,20260119,104.9272487465202,308.70879898957594,13.881431339713158,20.375449119333712,航天发展-20251017-20251112,['20251222']-['20260119']
220,000078,20260119,105.02692718304431,326.3122029083097,2.655703266573808,15.841388326448161,中信证券-20240708-20240730,['20251224']-['20260119']
317,688578,20260119,105.20570260371439,273.15267483519824,57.1205670390995,15.309325103562665,瑞达期货-20251020-20251107,['20251226']-['20260119']
156,688271,20260119,105.21472648090932,326.0319930868969,8.759353745060189,11.943306078305506,中信证券-20240708-20240730,['20251224']-['20260119']
173,000936,20260119,105.26212346174286,261.6022200422974,66.99257180805537,16.70921476659261,瑞达期货-20251020-20251107,['20251226']-['20260119']
189,601319,20260119,105.26617792269589,321.71837241543534,7.642853090971998,16.144525676934226,瑞达期货-20251020-20251107,['20251226']-['20260119']
267,600019,20260119,105.47160641451353,273.9828554751748,55.37607102754867,16.659821159241222,瑞达期货-20251020-20251107,['20251226']-['20260119']
82,301013,20260119,105.55218082757453,284.42883131899987,43.114033824701046,18.22330321116067,瑞达期货-20251020-20251107,['20251226']-['20260119']
95,002366,20260119,105.8400202720092,295.52917708098346,34.752769174601085,16.8885909883346,航天发展-20251017-20251112,['20251222']-['20260119']
314,002383,20260119,105.97062510525618,311.843956770583,20.184525183111198,15.905201297869786,瑞达期货-20251020-20251107,['20251226']-['20260119']
191,603268,20260119,105.98003049743126,275.85790427651955,40.83949758241059,27.42702484938055,瑞达期货-20251020-20251107,['20251226']-['20260119']
367,601600,20260119,106.04014740757862,321.7019578863569,7.394286154459954,18.278185488333868,光电股份-20250612-20250710,['20251218']-['20260119']
313,600901,20260119,106.11769656154574,292.2921013142088,38.25965133641116,17.380426915899385,瑞达期货-20251020-20251107,['20251226']-['20260119']
338,000032,20260119,106.2092348993626,288.62710044007326,46.86884121200269,13.901131009349553,瑞达期货-20251020-20251107,['20251226']-['20260119']
150,002465,20260119,106.23295949489514,335.72546148241923,6.283601950690866,9.075601162405276,微芯生物-20250527-20250620,['20251223']-['20260119']
136,603131,20260119,106.59916565138816,307.7972810923117,15.381575626416568,24.113771589424193,瑞达期货-20251020-20251107,['20251226']-['20260119']
183,300390,20260119,106.69573490133612,295.60045476757557,25.431302180183287,25.965519542521168,瑞达期货-20251020-20251107,['20251226']-['20260119']
11,600855,20260119,106.748573328337,325.6282079571808,7.518465353028607,17.011428338185468,微芯生物-20250527-20250620,['20251223']-['20260119']
385,688350,20260119,106.7774807233695,307.55378978604807,25.563090189840484,17.10604182650732,航天发展-20251017-20251112,['20251222']-['20260119']
245,301522,20260119,107.00148284653898,332.11167203387214,10.133605361063127,10.81974907014597,航天发展-20251017-20251112,['20251222']-['20260119']
188,300743,20260119,107.04519174491874,321.0897276621772,11.547701858670536,18.134907221661038,瑞达期货-20251020-20251107,['20251226']-['20260119']
118,002937,20260119,107.28845382399673,333.45590543598854,5.020232100817796,14.364031407387085,微芯生物-20250527-20250620,['20251223']-['20260119']
389,300846,20260119,107.44151956910451,311.6001212216042,27.344971318134697,14.394979517957124,瑞达期货-20251020-20251107,['20251226']-['20260119']
329,300459,20260119,107.55491656884092,325.2351896832527,17.558295940087373,11.792177204597257,航天发展-20251017-20251112,['20251222']-['20260119']
324,601599,20260119,107.90281283923173,273.29541236155995,63.15055199947852,17.42255882730045,瑞达期货-20251020-20251107,['20251226']-['20260119']
340,301380,20260119,107.94250922586129,334.3467949414949,8.6866114461252,12.581218273938102,华纳药厂-20250409-20250512,['20251218']-['20260119']
140,300397,20260119,107.95075798144347,285.5770116042339,44.963256479569836,21.97169389075587,瑞达期货-20251020-20251107,['20251226']-['20260119']
123,002466,20260119,107.97649064540009,252.42789625415975,78.44630713597402,21.78557407089991,瑞达期货-20251020-20251107,['20251226']-['20260119']
93,000798,20260119,108.17121883508342,301.6154784850321,33.391366744814626,19.172913165323532,瑞达期货-20251020-20251107,['20251226']-['20260119']
330,002584,20260119,108.20270060006601,293.4624862058825,43.711955576649935,17.625920163265693,瑞达期货-20251020-20251107,['20251226']-['20260119']
332,300840,20260119,108.31324575714153,339.6518641223882,7.574607389553998,10.363260758897173,华纳药厂-20250409-20250512,['20251218']-['20260119']
6,688002,20260119,108.35014968778165,323.9747403776243,18.522605469641366,14.00236483400488,微芯生物-20250527-20250620,['20251223']-['20260119']
70,688575,20260119,108.40453528398956,278.8302413142102,63.9180608440158,13.95011159130442,瑞达期货-20251020-20251107,['20251226']-['20260119']
51,000007,20260119,108.93458975475264,326.56377464307974,11.01196570955674,19.15466912240422,瑞达期货-20251020-20251107,['20251226']-['20260119']
5,002174,20260119,108.94591295792542,275.8206848129033,64.72161213492521,16.95805968394214,瑞达期货-20251020-20251107,['20251226']-['20260119']
295,600973,20260119,109.20775549637234,269.0257065677846,69.3922344466388,19.2059329801133,瑞达期货-20251020-20251107,['20251226']-['20260119']
46,600880,20260119,109.26302216181254,349.4390537152932,7.002948659098738,5.826053623737411,华纳药厂-20250409-20250512,['20251218']-['20260119']
395,002192,20260119,109.65657019172703,272.56184206191216,64.021226986275,21.704123693177188,瑞达期货-20251020-20251107,['20251226']-['20260119']
400,688580,20260119,109.75313354384625,272.2538008893528,72.68585758396382,15.678090004628139,瑞达期货-20251020-20251107,['20251226']-['20260119']
31,301363,20260119,109.78775197092176,331.3349615059285,14.257899896103256,15.274733875780573,瑞达期货-20251020-20251107,['20251226']-['20260119']
297,688235,20260119,109.79286309413183,342.3622040448192,7.262035376106977,12.263978169634967,中铝国际-20250923-20251020,['20251229']-['20260119']
7,300678,20260119,109.79634634558428,321.4216911621982,23.67597005485256,15.66761995117263,瑞达期货-20251020-20251107,['20251226']-['20260119']
55,002370,20260119,109.90298592494146,305.9870128364598,30.23911877432136,22.587866104267782,航天发展-20251017-20251112,['20251222']-['20260119']
263,000901,20260119,109.97877328067794,325.1089846492398,10.152598169672773,23.50074608751044,瑞达期货-20251020-20251107,['20251226']-['20260119']
357,601211,20260119,110.05461546594873,335.3692864883243,6.856950162890639,18.466861176460604,瑞达期货-20251020-20251107,['20251226']-['20260119']
333,300698,20260119,110.46906118733737,338.75875936204045,9.229623456158707,15.181365854694048,瑞达期货-20251020-20251107,['20251226']-['20260119']
236,300238,20260119,110.4873928970376,334.33155639521505,14.916763366968812,14.28224242095612,瑞达期货-20251020-20251107,['20251226']-['20260119']
218,300771,20260119,110.83178149160041,314.70043923686126,31.903999744490935,17.126124492986875,瑞达期货-20251020-20251107,['20251226']-['20260119']
380,300884,20260119,111.47658458491908,346.627166719897,9.144924863787177,11.862392774534577,航天发展-20251017-20251112,['20251222']-['20260119']
166,002474,20260119,111.56532713015099,347.8690037070492,6.327033656831627,13.26628980246684,中信证券-20240708-20240730,['20251224']-['20260119']
4,000777,20260119,111.79142600283397,343.4956826138878,11.876744289256253,12.949244829726851,光电股份-20250612-20250710,['20251218']-['20260119']
298,002431,20260119,111.79487709957073,294.9833041549423,58.74974231829066,14.187407894002119,瑞达期货-20251020-20251107,['20251226']-['20260119']
388,301033,20260119,111.79763357780246,345.37001142235243,9.358603422687125,13.447622810726498,瑞达期货-20251020-20251107,['20251226']-['20260119']
80,688167,20260119,112.1113339421737,270.9366094590438,72.71893076454174,22.536679687745135,瑞达期货-20251020-20251107,['20251226']-['20260119']
168,002338,20260119,112.23777745628526,339.9816007160621,11.98693606238003,16.61804105688157,瑞达期货-20251020-20251107,['20251226']-['20260119']
127,300036,20260119,112.47195676417807,351.6628886399247,6.3390403725462345,12.678445151092014,华纳药厂-20250409-20250512,['20251218']-['20260119']
387,002569,20260119,112.66666362724357,300.84578825751663,59.46515418319371,11.433452237576182,光电股份-20250612-20250710,['20251218']-['20260119']
174,002462,20260119,113.11047231354823,359.7221491084223,2.6321210241105315,11.010478184470985,中信证券-20240708-20240730,['20251224']-['20260119']
342,600282,20260119,113.15730824248224,288.36193654448147,64.77083386656216,18.043692797922894,瑞达期货-20251020-20251107,['20251226']-['20260119']
401,301153,20260119,113.459912109475,328.8965507716333,37.27881347370155,9.01825708968637,航天发展-20251017-20251112,['20251222']-['20260119']
397,301345,20260119,113.60103993079255,337.9574952417424,14.901589588152955,19.358286204559892,瑞达期货-20251020-20251107,['20251226']-['20260119']
155,300741,20260119,113.72905923844148,292.7783829887558,67.02958708804269,14.466670538504818,瑞达期货-20251020-20251107,['20251226']-['20260119']
296,002394,20260119,113.81010976832017,287.05413479145443,66.7023639026553,19.207900400218147,瑞达期货-20251020-20251107,['20251226']-['20260119']
318,600730,20260119,114.1146575091039,338.8394165543414,16.626189021680126,18.687439590743608,瑞达期货-20251020-20251107,['20251226']-['20260119']
210,300997,20260119,114.32094693257966,266.50588146298605,78.32668016199659,27.177946112712217,瑞达期货-20251020-20251107,['20251226']-['20260119']
301,600337,20260119,114.88482330525147,266.979438702202,84.18315384933851,23.84011384947329,瑞达期货-20251020-20251107,['20251212']-['20260119']
242,603698,20260119,115.37986716207783,359.9667144330238,6.80257372038637,13.372701790136922,微芯生物-20250527-20250620,['20251223']-['20260119']
164,600819,20260119,115.58739840922824,328.64854723352613,36.959022727323344,14.762818552433503,瑞达期货-20251020-20251107,['20251226']-['20260119']
132,000688,20260119,115.65507168853621,277.84475587727167,78.39227683226403,21.959904689188757,瑞达期货-20251020-20251107,['20251226']-['20260119']
87,600110,20260119,115.7646744769801,279.2582511359556,84.60498831148591,16.514256606869136,瑞达期货-20251020-20251107,['20251226']-['20260119']
290,601933,20260119,115.86539184348914,346.9397383479391,15.28315814863185,17.99630723629462,瑞达期货-20251020-20251107,['20251226']-['20260119']
249,002285,20260119,115.99088078965556,343.3110576097355,15.778123353146828,20.66031625197718,瑞达期货-20251020-20251107,['20251226']-['20260119']
17,300123,20260119,116.00935509809062,322.467901291298,30.732889186027336,25.12279488723255,瑞达期货-20251020-20251107,['20251226']-['20260119']
226,600829,20260119,116.10129150167329,355.4451107819749,13.324007337438529,13.676390164623179,中铝国际-20250923-20251020,['20251229']-['20260119']
294,600783,20260119,116.38161844486174,366.3143015672087,6.7984554035725235,11.119478384068454,微芯生物-20250527-20250620,['20251223']-['20260119']
165,600776,20260119,116.49207815223669,363.95380369940784,7.865834774375522,12.36546652525423,微芯生物-20250527-20250620,['20251223']-['20260119']
47,300322,20260119,116.8789412569925,354.7340119800247,12.64897558757466,16.660112466781705,瑞达期货-20251020-20251107,['20251226']-['20260119']
211,300559,20260119,116.93252670401272,285.7904525375322,79.15755074744477,18.620314296299085,瑞达期货-20251020-20251107,['20251226']-['20260119']
116,300430,20260119,117.54854379473255,361.407569783039,16.60456171602539,10.362260862533097,光电股份-20250612-20250710,['20251218']-['20260119']
79,600307,20260119,117.57910394888422,354.73911050921197,18.017484861801794,14.380313343950235,瑞达期货-20251020-20251107,['20251226']-['20260119']
39,300337,20260119,117.67337553873737,326.12407543140597,33.72507472214124,24.29657623168304,瑞达期货-20251020-20251107,['20251226']-['20260119']
117,688114,20260119,117.76456996922481,367.26810846825964,10.08523492945076,11.3964173747792,中信证券-20240708-20240730,['20251224']-['20260119']
36,000166,20260119,117.82495194454019,344.6556715149285,28.666091270240646,14.571057772473644,瑞达期货-20251020-20251107,['20251226']-['20260119']
255,600151,20260119,117.93113785988558,349.43283730455477,11.023758112359332,24.485398087028354,瑞达期货-20251020-20251107,['20251226']-['20260119']
199,002240,20260119,118.16097494518263,280.5399823373274,83.03390731406127,22.722020124415113,瑞达期货-20251020-20251107,['20251226']-['20260119']
186,605369,20260119,118.29516072188365,300.02453250180884,74.37794237404846,14.936045647816155,瑞达期货-20251020-20251107,['20251226']-['20260119']
184,600826,20260119,118.38510814301651,372.8386473304333,9.971372283113515,8.855255647381206,中铝国际-20250923-20251020,['20251229']-['20260119']
214,600009,20260119,118.4609161875814,310.000994163622,62.88142686049324,16.490474700867072,瑞达期货-20251020-20251107,['20251226']-['20260119']
358,688435,20260119,118.74658789566303,326.25612681670304,41.50085130452007,21.04873614824022,瑞达期货-20251020-20251107,['20251226']-['20260119']
384,600118,20260119,118.8537454001087,365.7424537237706,7.305912389490796,17.348088915325725,微芯生物-20250527-20250620,['20251223']-['20260119']
96,300250,20260119,118.99401247345733,334.7475887159775,32.53580182941098,22.02248827460198,瑞达期货-20251020-20251107,['20251226']-['20260119']
335,600490,20260119,119.35792413859905,285.7333265020457,89.47490475641621,16.988636902651155,瑞达期货-20251020-20251107,['20251226']-['20260119']
250,002291,20260119,119.63909180830737,350.05831143813884,35.34474787687373,10.045435034508996,航天发展-20251017-20251112,['20251222']-['20260119']
20,000762,20260119,119.9022101108458,319.00127081580456,55.057575966169765,19.2113901906338,瑞达期货-20251020-20251107,['20251226']-['20260119']
309,002197,20260119,120.10363474982148,378.63461408357966,8.124517530767466,10.189738163793375,华纳药厂-20250409-20250512,['20251217']-['20260119']
120,688538,20260119,120.23442526531319,346.0334757469381,35.003924237237676,14.808013175151157,瑞达期货-20251020-20251107,['20251226']-['20260119']
270,600755,20260119,120.55092164342716,362.26633281731847,27.350178218696,9.164920831557046,航天发展-20251017-20251112,['20251222']-['20260119']
10,002766,20260119,120.56536403693252,361.9897755464857,17.193033793643707,17.02630308723424,瑞达期货-20251020-20251107,['20251226']-['20260119']
209,300940,20260119,120.61984706276483,316.34980790222784,61.54222657146997,18.13059180163872,瑞达期货-20251020-20251107,['20251226']-['20260119']
131,603680,20260119,120.96659940810065,334.4212068480726,45.80659868153837,17.245644373043415,瑞达期货-20251020-20251107,['20251226']-['20260119']
261,300991,20260119,121.46909294638998,372.4046718205442,10.95061556436668,16.156266827291837,航天发展-20251017-20251112,['20251222']-['20260119']
280,600345,20260119,121.57811523688567,315.2800006054612,64.04532884534618,19.451291004108647,瑞达期货-20251020-20251107,['20251226']-['20260119']
171,601318,20260119,121.5828975998774,375.89993593536553,7.928953369694659,16.08557702089838,瑞达期货-20251020-20251107,['20251226']-['20260119']
320,300909,20260119,121.80869562076386,367.07504930584594,7.931159522118818,23.26708243093608,华纳药厂-20250409-20250512,['20251218']-['20260119']
91,002038,20260119,122.07697908689099,374.24891782916063,17.390571200329035,11.462830945110197,中铝国际-20250923-20251020,['20251229']-['20260119']
239,301330,20260119,122.44286808857356,384.19586833368083,7.736926826326664,12.157573851428305,华纳药厂-20250409-20250512,['20251218']-['20260119']
16,300137,20260119,122.58047159315495,326.15755342821984,58.14356994876287,18.22533645015034,瑞达期货-20251020-20251107,['20251226']-['20260119']
274,000917,20260119,122.61530603341697,366.18291208220865,18.393473581147735,18.105975836025152,瑞达期货-20251020-20251107,['20251226']-['20260119']
351,300887,20260119,123.00510461628464,375.957793000493,20.218766763472658,10.380341717737377,微芯生物-20250527-20250620,['20251223']-['20260119']
362,600330,20260119,123.0066467372994,360.25953594062474,23.96174440370845,19.350656584998625,航天发展-20251017-20251112,['20251222']-['20260119']
60,002774,20260119,123.4881221568139,328.0054303709427,61.31640438606338,16.728929324280205,瑞达期货-20251020-20251107,['20251226']-['20260119']
194,300955,20260119,123.55695081305433,376.1821268246763,9.72692668355159,19.46058690146489,华纳药厂-20250409-20250512,['20251211']-['20260119']
25,300269,20260119,123.84480564293685,339.9900739212273,47.941706023423734,18.663179148853867,瑞达期货-20251020-20251107,['20251226']-['20260119']
158,301517,20260119,123.89018183295244,370.3597712376656,14.235301853630945,21.279149763908695,瑞达期货-20251020-20251107,['20251226']-['20260119']
12,300446,20260119,124.63309244886207,357.46981976886616,32.14745193669554,19.369777342983927,瑞达期货-20251020-20251107,['20251226']-['20260119']
392,300885,20260119,125.05354225814085,379.25273406205037,9.197001102542103,21.296554271907755,航天发展-20251017-20251112,['20251222']-['20260119']
179,603123,20260119,125.53116948919262,352.6124195980525,44.634658115356665,15.892615437924704,瑞达期货-20251020-20251107,['20251226']-['20260119']
310,002829,20260119,125.7606126062106,322.94873335702994,74.50308721191189,16.312666088820137,瑞达期货-20251020-20251107,['20251226']-['20260119']
115,001231,20260119,126.32561902765973,393.68261950769755,13.485852028512967,10.437693916991424,华纳药厂-20250409-20250512,['20251218']-['20260119']
143,300619,20260119,126.37072250763217,391.50042092791165,7.85806669697157,16.40794055041802,华纳药厂-20250409-20250512,['20251218']-['20260119']
350,002966,20260119,126.38522522780507,361.0223946220034,39.46072081362675,15.600726492790052,瑞达期货-20251020-20251107,['20251226']-['20260119']
119,001379,20260119,126.75748425085084,363.60582573377934,31.44407201764026,20.6062873135624,瑞达期货-20251020-20251107,['20251226']-['20260119']
204,002255,20260119,127.6291138535579,329.07395780464856,67.62269935579924,21.55029176355892,瑞达期货-20251020-20251107,['20251226']-['20260119']
83,600105,20260119,128.26518597683082,353.5025143159472,42.01554916385228,24.024417332227426,瑞达期货-20251020-20251107,['20251226']-['20260119']
307,300937,20260119,128.5914273137483,365.6292642528758,32.37580217737122,22.974768461685535,瑞达期货-20251020-20251107,['20251226']-['20260119']
102,300586,20260119,128.67636688727288,403.38286519219434,6.315425971996043,14.417198845039398,华纳药厂-20250409-20250512,['20251218']-['20260119']
192,600775,20260119,128.801606254442,369.2630982423105,47.463148457452014,9.459330611283086,光电股份-20250612-20250710,['20251218']-['20260119']
45,002572,20260119,129.17094912424102,400.93101722016974,15.060301971729642,10.933883416677991,航天发展-20251017-20251112,['20251222']-['20260119']
137,601068,20260119,129.8944808365977,352.3051830186404,55.75426306639545,18.69161752771737,瑞达期货-20251020-20251107,['20251226']-['20260119']
247,600408,20260119,130.27465702666615,347.4447827554151,58.18486887222066,21.464403845938584,瑞达期货-20251020-20251107,['20251226']-['20260119']
233,301136,20260119,130.3482521324508,387.8430776276792,11.490062788921573,26.370775018676458,瑞达期货-20251020-20251107,['20251226']-['20260119']
363,301232,20260119,131.46458533733295,405.77162607740786,5.1093315695984165,20.500745108077663,微芯生物-20250527-20250620,['20251223']-['20260119']
299,603979,20260119,131.68379945864103,340.06154772557875,68.96655543091755,22.43842127923038,瑞达期货-20251020-20251107,['20251226']-['20260119']
197,300612,20260119,131.72822412935227,412.1420802845185,8.646441904483716,13.72916868162901,航天发展-20251017-20251112,['20251222']-['20260119']
275,601107,20260119,132.24303708969376,371.62239536247205,47.169573551720454,16.51361603859003,瑞达期货-20251020-20251107,['20251226']-['20260119']
190,688273,20260119,132.76843942499855,415.53247352692705,11.439158139555394,11.692374812634567,华纳药厂-20250409-20250512,['20251218']-['20260119']
225,002519,20260119,132.99553046800168,417.14021129871054,8.376086704772058,13.351602667392218,微芯生物-20250527-20250620,['20251223']-['20260119']
157,300782,20260119,133.38681151508348,377.40076235488266,44.68192520869975,16.905013115021934,瑞达期货-20251020-20251107,['20251226']-['20260119']
69,300045,20260119,133.4784107032176,397.478976824006,23.313610678296083,18.101586131317468,瑞达期货-20251020-20251107,['20251226']-['20260119']
73,601390,20260119,133.66923780313917,364.4652692427628,59.55169515300456,16.16037121102238,瑞达期货-20251020-20251107,['20251226']-['20260119']
35,600329,20260119,134.82338908456174,376.886968736336,50.5034631170491,16.515648821365527,瑞达期货-20251020-20251107,['20251226']-['20260119']
145,301315,20260119,135.40664809516855,413.93002367684323,17.482504952175283,14.957223766157506,中信证券-20240708-20240730,['20251224']-['20260119']
327,600678,20260119,135.57696457527902,398.71397431115025,16.4462911445258,27.57221234644048,瑞达期货-20251020-20251107,['20251226']-['20260119']
366,603017,20260119,136.10724095906636,412.72948630066577,25.11735237117341,11.882973393786477,光电股份-20250612-20250710,['20251218']-['20260119']
223,600343,20260119,136.79240379973305,430.563004743108,7.585324664284671,13.369762443788076,微芯生物-20250527-20250620,['20251223']-['20260119']
235,300228,20260119,138.4282189923398,410.6977552228809,35.93798662636832,11.093741093912582,航天发展-20251017-20251112,['20251222']-['20260119']
286,002278,20260119,138.63429436270138,435.95286255340744,7.288960137540306,14.154368888542686,航天发展-20251017-20251112,['20251222']-['20260119']
216,300003,20260119,139.10357520360108,379.7960179412346,64.20089703420687,14.761251777421622,瑞达期货-20251020-20251107,['20251226']-['20260119']
292,002324,20260119,139.45100853097028,438.96244364515445,14.940645723350196,8.20020430104727,微芯生物-20250527-20250620,['20251223']-['20260119']
38,301015,20260119,139.4855869294577,373.1293917617262,73.03515713785134,14.090555648961097,瑞达期货-20251020-20251107,['20251226']-['20260119']
378,301556,20260119,139.7178276971904,434.9831148433812,10.28471042799301,15.343700289445318,光电股份-20250612-20250710,['20251218']-['20260119']
391,002757,20260119,139.93496590079917,437.9335015718186,15.154691657508875,10.021269830002291,华纳药厂-20250409-20250512,['20251218']-['20260119']
100,603278,20260119,140.37474434939324,437.02686213962636,16.61080888316166,10.708607606392038,微芯生物-20250527-20250620,['20251223']-['20260119']
147,000528,20260119,144.67697035860098,431.14641234140123,28.955099552242984,16.6162919762693,瑞达期货-20251020-20251107,['20251226']-['20260119']
185,002701,20260119,145.14634474912032,434.05526998443787,29.08717884923521,15.509025247546004,瑞达期货-20251020-20251107,['20251226']-['20260119']
231,603918,20260119,147.23555449314873,426.90604631779223,44.589119211960096,14.467512085557576,航天发展-20251017-20251112,['20251222']-['20260119']
248,301293,20260119,147.99914636112084,468.14123459959956,5.1247671349155635,15.04836460191579,瑞达期货-20251020-20251107,['20251226']-['20260119']
18,002149,20260119,148.4719756259451,428.61334891255245,37.42731501248464,21.649441121084987,瑞达期货-20251020-20251107,['20251226']-['20260119']
13,002565,20260119,149.75194481483504,448.66305983127324,24.52760875604562,19.486860596598504,瑞达期货-20251020-20251107,['20251226']-['20260119']
109,600177,20260119,151.33953830843382,447.6508919258373,34.398636229124776,16.811699654862995,瑞达期货-20251020-20251107,['20251226']-['20260119']
266,688523,20260119,151.4335820091992,444.7795245227728,20.533075404261734,29.59950507772203,瑞达期货-20251020-20251107,['20251226']-['20260119']
84,605069,20260119,153.12397353310374,487.5312106860227,10.982259350993017,8.924831304997587,华纳药厂-20250409-20250512,['20251218']-['20260119']
175,301306,20260119,153.28629711295312,458.0090017838069,16.88920767540161,27.042085687976464,瑞达期货-20251020-20251107,['20251226']-['20260119']
219,603716,20260119,153.5536962928779,419.35532544520834,66.55947248643228,19.448142283464318,瑞达期货-20251020-20251107,['20251226']-['20260119']
322,603601,20260119,155.28782340306853,435.3000907582579,57.10949972641442,18.912365644167092,瑞达期货-20251020-20251107,['20251226']-['20260119']
365,300931,20260119,157.02602261906628,466.4548912864987,37.5705883768514,14.545946800153121,瑞达期货-20251020-20251107,['20251226']-['20260119']
76,002788,20260119,157.3522521046781,443.5760112457702,53.403594088121366,20.645926261276543,瑞达期货-20251020-20251107,['20251226']-['20260119']
104,300753,20260119,157.95127492318318,478.42480527386175,28.05195026598623,15.020620653071902,瑞达期货-20251020-20251107,['20251226']-['20260119']
124,300552,20260119,158.02427270588427,489.0856092089157,12.480904266278532,18.88579665831504,瑞达期货-20251020-20251107,['20251226']-['20260119']
252,601500,20260119,158.08367222496972,431.2766653371505,73.28148968498257,16.790564295824545,瑞达期货-20251020-20251107,['20251226']-['20260119']
238,300589,20260119,159.82274764195253,460.7340859710719,34.90654908278659,27.826392814487473,瑞达期货-20251020-20251107,['20251226']-['20260119']
399,002347,20260119,160.98838815997877,510.98571748885445,12.607722445039771,9.775890449526292,微芯生物-20250527-20250620,['20251223']-['20260119']
394,002151,20260119,161.46830348942402,516.4256758457925,7.709647110464799,10.569266506367008,微芯生物-20250527-20250620,['20251223']-['20260119']
316,002195,20260119,162.136475010644,512.3050301021703,8.15877802588275,14.993331430570242,华纳药厂-20250409-20250512,['20251218']-['20260119']
151,002471,20260119,162.3779643058082,516.1603881592049,8.764075710286487,12.251562862401972,微芯生物-20250527-20250620,['20251223']-['20260119']
43,002228,20260119,163.4029626078463,477.36291750060025,36.05646480555277,23.44286979000104,瑞达期货-20251020-20251107,['20251226']-['20260119']
315,301183,20260119,163.79734709234435,475.07326330422256,36.513173575538225,25.803540071040302,瑞达期货-20251020-20251107,['20251226']-['20260119']
144,000070,20260119,165.09945893375632,415.66910734874597,105.13600578736377,22.144812482308534,瑞达期货-20251020-20251107,['20251226']-['20260119']
64,002173,20260119,171.09241447330814,480.9103684808093,64.3561284641026,18.78116347458645,瑞达期货-20251020-20251107,['20251226']-['20260119']
159,002703,20260119,172.70561812864486,480.423484630402,64.50524465177625,23.067498359978433,瑞达期货-20251020-20251107,['20251226']-['20260119']
32,002177,20260119,173.2248567915391,542.2593787436412,13.890103766686671,15.950030096101917,瑞达期货-20251020-20251107,['20251226']-['20260119']
281,002735,20260119,173.3497556956495,478.2480150219865,78.81013906076528,15.580773677059943,瑞达期货-20251020-20251107,['20251226']-['20260119']
382,600865,20260119,176.7723398381768,550.729615025994,13.664199471665397,18.635488722197433,瑞达期货-20251020-20251107,['20251226']-['20260119']
33,300900,20260119,177.20866424414865,566.3354837136244,7.3978339609185895,12.721672354464374,微芯生物-20250527-20250620,['20251223']-['20260119']
29,002413,20260119,182.13016246328075,571.0085099138602,15.172301116877044,15.689797885149021,微芯生物-20250527-20250620,['20251223']-['20260119']
68,688788,20260119,182.434700950792,521.9845835228147,64.47154244978867,16.244657897527492,瑞达期货-20251020-20251107,['20251226']-['20260119']
326,601566,20260119,189.88216456727443,600.9053594055863,15.009407103605275,12.769336536292416,华纳药厂-20250409-20250512,['20251218']-['20260119']
373,000547,20260119,193.86841001214725,614.1534110336601,10.56057811123009,16.135533171700484,微芯生物-20250527-20250620,['20251223']-['20260119']
37,002759,20260119,196.86927359972336,614.3340637661295,5.686416468677309,27.15782382320333,华纳药厂-20250409-20250512,['20251218']-['20260119']
30,002361,20260119,199.63330157925859,609.9276433208452,28.608133308104463,20.18142147643422,瑞达期货-20251020-20251107,['20251226']-['20260119']
336,002792,20260119,208.64430418693763,630.8823362293888,36.703730064622626,20.921210746835534,瑞达期货-20251020-20251107,['20251226']-['20260119']
325,600693,20260119,216.8569619160617,629.3462119849722,55.06794460282919,28.831787349303212,瑞达期货-20251020-20251107,['20251226']-['20260119']
